<?xml version="1.0" encoding="utf-8"?>
<Parameters FOVx="256" FOVy="256" GradMaxAmpl="2" GradSlewRate="10" Name="P" Nx="32" Ny="32" TE="300" TR="500">
   <ConcatSequence Name="propeller">
      <AtomicSequence Name="A1">
         <HARDRFPULSE Axis="RF" Duration="0.1" FlipAngle="90" Name="P1"/>
      </AtomicSequence>
      <DelayAtomicSequence Delay="TE" DelayType="C2C" Name="D1" Observe="TE=P.TE" StartSeq="A1" StopSeq="blade"/>
      <ConcatSequence Name="blade" Observe="NY=P.Ny" Repetitions="10">
         <ATOMICSEQUENCE Name="A2" Observe="Num_B=blade.Counter,NR=blade.Repetitions" RotAngle="Num_B*180/NR">
            <TRAPGRADPULSE Area="-KMY*NL/NY" Axis="GY" Name="dey" Observe="KMY=P.KMAXy,NY=P.Ny,NL = C3.Repetitions"/>
            <TRAPGRADPULSE Area="-0.5*abs(A)" Axis="GX" Name="dex" Observe="A=P4.Area"/>
         </ATOMICSEQUENCE>
         <CONCATSEQUENCE Name="C3" Repetitions="10">
            <ATOMICSEQUENCE Name="A3" Observe="Num_B=blade.Counter,NR=blade.Repetitions" RotAngle="Num_B*180/NR">
               <TRAPGRADPULSE ADCs="NX" Axis="GX" FlatTopArea="2*KMX*(-1)^C" FlatTopTime="2" Name="P4" Observe="KMX=P.KMAXx, C=C3.Counter, NX=P.Nx"/>
            </ATOMICSEQUENCE>
            <ATOMICSEQUENCE Name="A4" Observe="Num_B=blade.Counter,NR=blade.Repetitions" RotAngle="Num_B*180/NR">
               <TRAPGRADPULSE Area="ite(1+C,R,0,DKY)" Axis="GY" Name="P5" Observe="DKY=P.DKy, C=C3.Counter, R=C3.Repetitions"/>
            </ATOMICSEQUENCE>
         </CONCATSEQUENCE>
         <ATOMICSEQUENCE Name="A5" Observe="Num_B=blade.Counter,NR=blade.Repetitions" RotAngle="Num_B*180/NR">
            <TRAPGRADPULSE Area="-KMY*NL/NY+DKY" Axis="GY" Name="rey" Observe="KMY=P.KMAXy,NY=P.Ny,NL = C3.Repetitions,DKY=P.DKy"/>
            <TRAPGRADPULSE Area="0.5*abs(A)" Axis="GX" Name="rex" Observe="A=P4.Area"/>
         </ATOMICSEQUENCE>
      </ConcatSequence>
   </ConcatSequence>
</Parameters>